Gene Name	max
A1CF	154.920486
AAR2	48.082489
AARS1	220.779129
AARS2	42.572571
AARSD1	108.035103
ABCE1	223.432083
ABT1	44.869431
ACIN1	187.032028
ACO1	188.488525
ADAD1	263.402527
ADAD2	227.579727
ADAR	359.712067
ADARB1	87.18693499999998
ADARB2	23.693659
ADAT1	40.349102
ADAT2	23.966825
ADAT3	44.049484
AEN	116.998604
AFF1	395.360901
AFF3	430.602509
AFF4	135.884186
AGFG1	129.540573
AGO1	43.450859
AGO2	136.34381100000002
AGO3	38.027294
AGO4	72.610855
AIMP1	60.709713
AIMP2	172.611664
AK6	63.399002
AKAP1	179.137375
AKAP17A	335.99352999999996
AKAP8	73.109016
AKAP8L	153.06073
ALKBH1	26.059519
ALKBH5	309.114105
ALKBH8	57.32502
ALYREF	278.502808
ANG	1160.627441
ANGEL1	106.664665
ANGEL2	120.461617
ANKHD1	197.41037
ANKRD17	97.77961
APEX1	148.06471299999995
API5	146.221329
APOBEC1	47.027676
APOBEC2	563.131409
APOBEC3F	27.096466
APOBEC3G	155.90330500000005
APOBEC3H	28.575699
APOBEC4	25.381037
APTX	68.329094
AQR	61.290096
ARHGEF28	137.85278300000002
ARL6IP4	292.194427
ASCC1	114.645142
ASH1L	75.58120699999998
ATXN1	117.339333
ATXN1L	33.040015999999994
ATXN2	89.065475
ATXN2L	303.860199
AUH	81.795692
AZGP1	1874.610718
BARD1	60.26456500000001
BAZ2A	157.095688
BAZ2B	259.809235
BCDIN3D	8.626375
BCLAF1	283.189209
BCLAF3	28.56908
BICC1	258.610352
BMS1	58.116425
BOLL	101.074562
BRCA1	70.89451600000002
BRIX1	163.822601
BUD13	135.134796
BYSL	76.404327
BZW1	388.222473
BZW2	607.049561
C11orf68	106.916733
C12orf65	139.272827
C1D	33.326176000000004
C1QBP	771.115234
C9orf129	22.086054
CACTIN	41.396381
CALR	3495.261963000001
CALR3	155.532562
CANX	757.8380129999998
CAPRIN1	493.903442
CAPRIN2	50.015903
CARHSP1	508.424469
CARS1	102.365685
CARS2	115.597176
CASC3	117.842125
CAVIN1	944.300354
CCAR1	129.776779
CCAR2	120.81018799999998
CCDC59	206.787628
CCDC86	175.366104
CCNT1	63.514286
CCNT2	81.538422
CD2BP2	97.291962
CDC40	52.175179
CDC5L	121.788429
CDK5RAP1	68.844154
CDK9	116.824989
CEBPZ	257.296967
CELF1	167.983078
CELF2	280.43994100000003
CELF3	148.698959
CELF4	112.717987
CELF5	207.755997
CELF6	37.783573
CHERP	67.087906
CHTOP	132.470459
CIRBP	335.861115
CLASRP	180.380493
CLK1	558.366516
CLK2	83.596825
CLK3	146.391998
CLK4	47.231068
CLP1	30.633329
CMSS1	36.180336
CMTR1	174.676376
CMTR2	68.847275
CNBP	488.614319
CNOT1	266.819275
CNOT10	119.184448
CNOT11	240.648254
CNOT2	682.988892
CNOT3	59.031948
CNOT4	45.144257
CNOT6	103.570679
CNOT6L	172.218094
CNOT7	123.478996
CNOT8	192.782516
CNOT9	131.945908
CNP	718.368958
CPEB1	51.543591
CPEB2	56.94138
CPEB3	32.922806
CPEB4	176.49848899999995
CPSF1	244.71199
CPSF2	88.38028
CPSF3	169.39325
CPSF4	72.055115
CPSF4L	3.3744339999999995
CPSF6	593.677124
CPSF7	90.550751
CRNKL1	53.350182
CRYZ	116.82399
CSDC2	165.677307
CSDE1	1315.848022
CSTF1	102.075325
CSTF2	48.205799
CSTF2T	41.279701
CSTF3	96.036896
CTC-360G5.8	2.501366
CTIF	142.745407
CTU1	17.536179
CTU2	43.090733
CWC22	51.965847
CWC25	228.262054
CWC27	69.11839300000001
CWF19L1	48.818592
CWF19L2	77.031075
DALRD3	215.130997
DAP3	371.854126
DARS1	187.835754
DARS2	89.176086
DAZ1	22.183107
DAZ2	13.56011
DAZ3	12.324789
DAZ4	17.157543
DAZAP1	231.706619
DAZL	119.846519
DBR1	61.631908
DCAF13	111.418358
DCP1A	43.738873
DCP1B	67.064262
DCP2	228.996552
DCPS	79.684776
DDX1	2039.113281
DDX10	275.53299
DDX11	103.250938
DDX17	619.973938
DDX18	133.35081499999998
DDX19A	113.269447
DDX20	165.778198
DDX21	426.789948
DDX23	148.823318
DDX24	246.935318
DDX25	124.12686200000002
DDX27	137.273193
DDX28	26.751604
DDX31	33.196445000000004
DDX39A	347.770721
DDX3X	240.429962
DDX3Y	389.781921
DDX4	422.04739400000005
DDX41	88.676071
DDX42	102.539421
DDX43	39.478638
DDX46	106.762611
DDX47	150.717331
DDX49	77.490532
DDX5	387.148346
DDX50	112.253418
DDX51	29.173737
DDX52	61.35775
DDX53	14.972055
DDX54	64.017708
DDX55	76.38961
DDX56	92.202629
DDX58	197.974579
DDX59	55.105072
DDX60	130.42421000000002
DDX60L	247.288345
DEK	688.709961
DENR	560.88916
DGCR8	54.815948
DHX15	540.2801509999998
DHX29	171.069016
DHX30	232.740173
DHX32	120.286125
DHX33	28.174814
DHX34	182.083191
DHX35	43.701008
DHX36	110.441071
DHX37	64.68555500000001
DHX38	138.065094
DHX40	154.47898899999996
DHX57	104.858551
DHX8	85.992752
DHX9	302.177826
DICER1	151.531082
DIMT1	39.930824
DIS3	46.585957
DIS3L	88.80950899999998
DIS3L2	63.294346
DKC1	158.60716200000005
DNAAF2	46.399975
DNAAF6	19.273153
DNAJC17	57.499828
DNAJC21	120.749115
DND1	16.516428
DNMT1	162.96310400000004
DNMT3B	749.014282
DNTTIP2	73.158699
DQX1	52.009586
DRG1	524.66156
DRG2	61.396427
DROSHA	125.565773
DUS1L	131.031616
DUS2	109.247208
DUS3L	121.406876
DUS4L	28.527302
DUSP11	64.23307
DYNC1H1	554.171448
DYNLL1	643.076782
DZIP1	98.371605
DZIP1L	56.672001
DZIP3	101.129959
EARS2	55.741383
EBNA1BP2	333.31485
EDC3	39.519367
EDC4	101.179497
EED	51.636383
EEF1A1	15513.447266
EEF1A2	2975.599121
EEF1AKMT2	37.54607
EEF1B2	2189.477295
EEF1D	788.841125
EEF1E1	129.246429
EEF1G	2836.183105
EEF2	3693.229736
EEF2K	89.99218
EEFSEC	68.209641
EFL1	52.92714300000001
EFTUD2	130.123917
EIF1	514.132446
EIF1AD	41.179962
EIF1AX	184.011368
EIF1AY	208.583694
EIF1B	189.42157
EIF2A	267.903961
EIF2AK1	153.033508
EIF2AK2	175.47493
EIF2AK3	112.165665
EIF2AK4	112.773186
EIF2B1	76.768578
EIF2B2	45.894623
EIF2B3	106.498772
EIF2B4	106.368408
EIF2B5	53.151516
EIF2D	84.435005
EIF2S1	196.245911
EIF2S2	473.923645
EIF2S3	424.679688
EIF2S3B	49.340401
EIF3A	168.901367
EIF3B	457.685852
EIF3C	232.792404
EIF3CL	206.198959
EIF3D	480.87619000000007
EIF3E	754.734009
EIF3G	671.452087
EIF3H	469.326782
EIF3I	303.092041
EIF3J	108.667397
EIF3K	835.700195
EIF3L	548.605713
EIF3M	366.554993
EIF4A1	923.721191
EIF4A2	672.114319
EIF4A3	162.18074
EIF4B	748.669983
EIF4E	136.172379
EIF4E1B	3.5850660000000003
EIF4E2	104.751564
EIF4E3	107.7715
EIF4ENIF1	132.60861200000002
EIF4G1	349.989716
EIF4G2	745.6134030000002
EIF4G3	221.347427
EIF5	270.347565
EIF5A	670.694153
EIF5A2	24.744143
EIF5AL1	25.033529
EIF5B	178.272659
EIF6	576.962402
ELAC1	14.356737
ELAC2	97.273438
ELAVL1	59.278847
ELAVL2	82.441147
ELAVL3	217.94024700000003
ELAVL4	326.22229
ENDOG	276.872864
ENDOU	213.30249
ENDOV	39.387257
ENOX1	46.028702
ENOX2	19.840334
EPRS1	252.404617
ERAL1	51.357269
ERI1	73.87359599999998
ERI2	42.492119
ERI3	124.601494
ERN1	51.978577
ERN2	155.72966
ESF1	63.86898000000001
ESRP1	141.921951
ESRP2	71.60153199999998
ESS2	131.511353
ETF1	238.77604700000003
EWSR1	329.477509
EXO1	137.79161100000002
EXOG	36.056946
EXOSC1	75.376968
EXOSC10	154.7099
EXOSC2	122.399773
EXOSC3	59.211315
EXOSC4	212.046158
EXOSC5	73.404999
EXOSC6	63.501682
EXOSC7	80.652985
EXOSC8	215.927414
EXOSC9	106.758621
EZH2	113.380699
FAM120A	138.33016999999998
FAM120B	48.580215
FAM120C	17.374453
FAM98A	74.54966
FAM98B	27.509474
FAM98C	32.020267
FARS2	67.12966899999999
FARSA	154.26748700000005
FARSB	51.123291
FASTK	212.020142
FASTKD1	138.32394399999998
FASTKD2	117.610451
FASTKD3	29.044983
FASTKD5	58.196426
FAU	911.825928
FBL	753.041382
FBLL1	114.493492
FCF1	47.32869
FIP1L1	111.45414
FMC1-LUC7L2	35.526577
FMR1	167.627014
FRG1BP	43.402992
FTO	58.239311
FTSJ3	101.721336
FUBP1	190.012436
FUBP3	82.14780400000002
FUS	277.423187
FXR1	343.155792
FXR2	103.094086
FYTTD1	76.188011
G3BP1	214.004395
G3BP2	141.352798
GAPDH	24044.238281
GAR1	31.388592
GARS1	346.00766
GATB	97.87851
GATC	58.10963100000001
GCFC2	60.394825
GEMIN2	44.060135
GEMIN4	115.559242
GEMIN5	45.536118
GEMIN6	50.602684
GEMIN7	42.436043
GEMIN8	20.903879
GFM1	103.227501
GFM2	76.937714
GLE1	82.488167
GNL2	187.046951
GNL3	279.824768
GNL3L	38.258537
GPATCH1	36.306892
GPATCH4	35.553341
GPATCH8	70.541451
GRSF1	216.122604
GRWD1	35.57901
GSPT1	210.289673
GTF2F1	136.745239
GTF3A	373.445374
GTPBP1	660.840088
GTPBP10	22.565857
GTPBP2	165.40593
GTPBP3	38.326073
GTPBP4	103.208832
GUF1	78.089798
HABP4	113.753799
HARS1	73.72509000000002
HARS2	59.17915
HBS1L	152.38734399999996
HDLBP	822.8112179999998
HEATR1	126.729172
HELZ	172.51946999999996
HELZ2	210.283691
HENMT1	166.390366
HEXIM1	132.568329
HEXIM2	122.682831
HINT3	62.826038
HNRNPA0	44.59866
HNRNPA1	1471.194458
HNRNPA1L2	72.82991
HNRNPA2B1	325.286011
HNRNPA3	249.881821
HNRNPAB	340.944275
HNRNPC	1399.659546
HNRNPCL1	0.704996
HNRNPD	273.63205
HNRNPDL	418.594452
HNRNPF	528.1398320000002
HNRNPH1	747.930298
HNRNPH2	158.126312
HNRNPH3	182.955215
HNRNPK	677.324463
HNRNPL	336.750092
HNRNPLL	127.488274
HNRNPM	169.546021
HNRNPR	244.381454
HNRNPU	420.644012
HNRNPUL1	299.536865
HNRNPUL2	85.18010699999998
HTATSF1	160.106689
IARS1	374.896545
IARS2	284.156555
IFIH1	534.194275
IFIT1	348.3890990000001
IFIT1B	38.993317
IFIT2	543.0811160000002
IFIT3	1222.272705
IFIT5	84.224876
IGF2BP1	240.09159900000003
IGF2BP2	142.301926
IGF2BP3	202.867798
IGHMBP2	86.102554
ILF2	1058.535156
ILF3	312.175842
IMP3	194.598938
IMP4	144.604538
INTS1	170.377441
INTS10	236.315521
INTS11	218.913452
INTS12	36.15469
INTS2	53.289001
INTS3	109.039993
INTS4	103.000946
INTS5	30.554239000000006
INTS6	164.28346299999995
INTS6L	25.863815
INTS7	76.643478
INTS8	83.87468
INTS9	31.629675
IPO11	160.34877
IPO13	149.69603
IPO4	143.312103
IPO5	378.571564
IPO7	271.509155
IPO8	82.537544
IPO9	81.214043
IREB2	92.30365
ISG20	215.47239700000003
ISG20L2	169.606445
ISY1	78.313622
JAKMIP1	69.597549
KARS1	289.298798
KAT8	126.185074
KHDC1	18.17412
KHDRBS1	136.24406399999998
KHDRBS2	66.694603
KHDRBS3	346.834015
KHNYN	81.29534100000002
KHSRP	242.558319
KIN	31.628345
KPNB1	534.7198490000002
KRR1	76.980133
L1TD1	664.883911
LARP1	120.688362
LARP1B	196.438766
LARP4	121.04866
LARP4B	99.745918
LARP6	167.160538
LARP7	149.15055800000005
LARS1	231.965164
LARS2	43.195934
LAS1L	58.76063900000001
LCMT2	12.862065
LIN28A	902.349548
LIN28B	180.258896
LONP1	126.237549
LRPPRC	325.405182
LRRC47	73.393631
LRRFIP1	177.88562
LRRFIP2	141.369461
LSG1	98.140518
LSM1	75.107445
LSM10	64.633423
LSM11	44.28405
LSM12	101.988655
LSM14B	109.686638
LSM3	56.26997
LSM4	273.176849
LSM5	65.84719100000001
LSM6	48.383015
LSM7	202.757553
LSM8	110.681465
LUC7L	121.63665
LUC7L3	213.97879
MAEL	492.53067
MAGOH	117.156464
MAGOHB	70.258942
MAK16	69.859734
MARF1	79.640251
MARS1	335.776276
MARS2	50.969654
MATR3	366.829803
MAZ	294.0552370000001
MBNL1	378.807434
MBNL2	135.67041
MBNL3	312.115662
MCTS1	64.850166
MECP2	166.121399
MEPCE	207.065842
METTL1	110.430695
METTL14	33.685158
METTL2A	43.728676
METTL2B	49.390354
METTL3	116.22093999999998
METTL5	173.741165
MEX3A	90.981155
MEX3B	105.063362
MEX3C	208.999161
MEX3D	205.440598
MIF4GD	33.381718
MKRN1	284.9552
MKRN2	68.441002
MKRN3	37.237354
MOV10	100.857986
MOV10L1	75.862511
MPHOSPH10	54.65294599999999
MPHOSPH6	128.755569
MRM1	22.273664
MRM2	48.985882
MRM3	72.875427
MRPL1	116.243805
MRPL10	48.311749
MRPL11	137.088455
MRPL12	125.578979
MRPL13	295.467865
MRPL14	183.36322
MRPL15	217.251938
MRPL16	194.09964
MRPL17	116.483459
MRPL18	226.200653
MRPL19	53.170525
MRPL2	100.587021
MRPL20	243.76445
MRPL21	364.544037
MRPL22	34.334571999999994
MRPL23	150.62385600000005
MRPL24	357.4302370000001
MRPL27	83.25093100000002
MRPL28	186.3125
MRPL3	210.577621
MRPL30	74.596214
MRPL32	170.3181
MRPL33	4289.091309
MRPL34	332.306305
MRPL35	84.09005
MRPL36	199.12413
MRPL37	154.898575
MRPL38	196.808533
MRPL39	133.90333600000002
MRPL4	94.57151
MRPL40	188.244003
MRPL41	873.577881
MRPL42	85.76413000000002
MRPL43	121.059174
MRPL44	292.073242
MRPL45	126.122726
MRPL46	76.62289399999997
MRPL47	125.354385
MRPL48	182.25676
MRPL49	104.295235
MRPL50	43.898643
MRPL51	359.990021
MRPL52	134.459198
MRPL53	88.172195
MRPL54	132.271194
MRPL55	104.653915
MRPL57	80.43020600000001
MRPL58	101.127457
MRPL9	143.189499
MRPS10	286.9055180000001
MRPS11	42.618183
MRPS12	178.337006
MRPS14	72.29496800000003
MRPS15	408.487244
MRPS16	69.925308
MRPS17	107.133987
MRPS18A	104.021645
MRPS18C	73.067261
MRPS2	84.078835
MRPS21	222.897842
MRPS22	145.578278
MRPS23	47.696625
MRPS24	216.069244
MRPS25	92.311295
MRPS26	174.43936200000005
MRPS27	92.804283
MRPS28	103.696396
MRPS30	289.272064
MRPS31	77.565903
MRPS33	51.281811
MRPS34	168.943497
MRPS35	240.32605
MRPS36	56.117474
MRPS5	102.674103
MRPS6	311.089417
MRPS7	114.627602
MRPS9	121.856842
MRRF	64.225296
MRTO4	143.989807
MSI1	32.009815
MSI2	133.601624
MSL3	27.011257
MTERF4	46.054405
MTFMT	27.639164
MTHFSD	36.984715
MTIF2	110.133995
MTIF3	150.496124
MTO1	70.483032
MTPAP	67.010307
MTREX	272.82824700000003
MTRF1	51.966442
MTRF1L	45.311974
MVP	327.680603
MYEF2	71.337021
N4BP1	107.668617
NAA38	180.528809
NAF1	42.451458
NANOS1	35.439682
NANOS2	8.705283999999999
NANOS3	25.327486
NARS1	320.697937
NARS2	94.693962
NAT10	57.62838000000001
NCBP1	102.43721
NCBP2	205.445679
NCBP2L	3.55453
NCBP3	62.821129000000006
NCL	401.523651
NFX1	59.644466
NGDN	81.721069
NHP2	548.3955080000002
NIFK	170.548187
NIP7	90.125214
NKRF	40.621021
NMD3	118.960449
NOA1	54.435814
NOB1	67.240562
NOC2L	232.402527
NOC3L	81.174164
NOC4L	92.492897
NOCT	71.535522
NOL10	86.759377
NOL11	193.063583
NOL3	122.864693
NOL6	109.63768
NOL7	186.127258
NOL8	82.52441400000002
NOL9	59.247189
NOLC1	106.65052
NOM1	36.425758
NONO	457.84903
NOP10	692.139099
NOP14	92.588478
NOP16	127.187515
NOP2	78.27906
NOP53	399.879456
NOP56	432.352356
NOP58	219.146179
NOP9	30.303373
NOVA1	62.98418
NOVA2	78.369987
NPM1	2791.063721
NPM2	29.875074
NPM3	219.520721
NR0B1	64.946365
NSA2	100.134544
NSRP1	50.93055
NSUN2	148.00741599999995
NSUN3	29.760174
NSUN4	150.17953500000004
NSUN5	50.12151
NSUN6	85.687744
NSUN7	31.81587
NUDT16	20.647934
NUDT16L1	41.510658
NUDT21	232.062164
NUFIP1	21.971081
NUFIP2	111.555565
NUP153	141.425171
NUPL2	73.562889
NUTF2	225.009583
NXF1	193.787064
NXF2B	25.670942
NXF3	338.986755
NXF5	0.5461590000000001
NXT1	78.290207
NXT2	150.540146
NYNRIN	53.1106
OAS1	191.258499
OAS2	278.315674
OAS3	154.760529
OASL	144.825226
PA2G4	341.799469
PABPC1	1208.84082
PABPC1L	35.388954
PABPC3	124.322922
PABPC4	145.711456
PABPC4L	55.415474
PABPC5	14.908922
PABPN1	126.620903
PABPN1L	4.980512999999998
PAIP1	290.711426
PAIP2	265.764435
PAIP2B	78.582642
PAN2	75.625885
PAN3	1454.442017
PAPOLA	285.730499
PAPOLB	89.381775
PAPOLG	26.521132
PARK7	324.885712
PARN	92.473183
PARP1	353.959503
PARP12	179.05513
PARP4	193.427963
PARS2	13.418748999999998
PATL1	43.655918
PATL2	53.158974
PCBP1	369.201019
PCBP2	526.287292
PCBP3	66.655312
PCBP4	143.911728
PCF11	119.89106
PDCD11	80.738396
PDCD4	279.104523
PDCD7	38.753315
PDE12	30.54249
PEG10	576.428833
PELO	115.78096
PES1	146.94087199999996
PHAX	62.863308
PHF5A	226.270874
PHRF1	76.383408
PIH1D1	109.026466
PIN4	45.349667
PINX1	56.725361
PIWIL1	223.603867
PIWIL2	51.193462
PIWIL3	5.569104
PIWIL4	66.153221
PLD6	61.667374
PLRG1	85.632622
PNLDC1	39.711029
PNN	154.49704
PNO1	72.449669
PNPT1	131.593353
PNRC2	29.019207
POLDIP3	87.034225
POLR1E	120.769279
POLR1G	24.179827
POLR2A	370.368622
POLR2B	373.857452
POLR2D	57.857624
POLR2E	67.910629
POLR2F	130.637268
POLR2G	176.833801
POLR2H	131.641907
POLR2I	281.185364
POLR2J	159.57698100000005
POLR2J2	17.092589999999998
POLR2J3	504.95871
POLR2K	283.076202
POLR2L	388.25235
POLRMT	147.037323
POP1	34.103905
POP4	289.604736
POP5	69.631294
POP7	104.69883
PPAN	162.07759099999996
PPARGC1A	254.845505
PPARGC1B	30.503681
PPIE	94.768684
PPIH	134.87416100000002
PPIL3	73.11282299999998
PPIL4	56.77814100000001
PPP1R8	63.161957
PPRC1	35.63369
PPWD1	116.198845
PQBP1	94.730087
PRDX1	4687.6401369999985
PRIM1	124.832443
PRKDC	307.767944
PRKRA	61.924114
PRORP	52.990234
PRPF18	74.640434
PRPF19	129.298996
PRPF31	301.391846
PRPF38A	49.142803
PRPF38B	49.11356
PRPF39	54.588287
PRPF4	81.466133
PRPF40A	238.245392
PRPF40B	82.942184
PRPF4B	90.462944
PRPF6	168.104034
PRPF8	296.523285
PSIP1	565.449646
PSMA1	283.785187
PSMA6	905.542297
PSPC1	174.41061399999995
PSTK	23.957336
PTBP1	212.475815
PTBP2	134.98407
PTBP3	156.78291299999995
PTCD1	22.997768
PTCD2	9.730369
PTCD3	136.47908
PTGES3	292.057495
PTGES3L-AARSD1	98.050056
PTRH1	22.957031
PTRH2	116.544693
PTRHD1	119.040688
PUF60	234.469864
PUM1	132.750885
PUM2	176.324829
PUM3	178.168671
PURA	51.626389
PURB	59.574177
PURG	26.475506
PUS1	39.953678
PUS10	21.384525
PUS3	31.573446
PUS7	73.539932
PUS7L	56.059811
PUSL1	55.29369000000001
PWP2	38.78157
PYM1	62.154194
QARS1	172.374924
QKI	316.78302
QRSL1	185.47728
QTRT1	66.808029
QTRT2	63.071209
R3HCC1	77.638023
R3HCC1L	46.31884
R3HDM1	214.784149
R3HDM2	96.525467
RAE1	199.233322
RALY	100.762596
RALYL	79.810783
RAMAC	47.70092
RAN	684.248352
RANBP17	91.322472
RANBP2	187.704086
RANBP6	84.07701899999998
RARS1	297.175842
RARS2	74.419533
RAVER1	40.945976
RAVER2	40.915138
RBBP6	226.416367
RBFOX1	131.203598
RBFOX2	380.256073
RBM10	83.523064
RBM11	7.878626
RBM12	48.12280300000001
RBM12B	74.386703
RBM14	118.303688
RBM15	56.68877
RBM15B	66.332596
RBM17	146.57663
RBM18	36.479855
RBM19	73.278328
RBM20	129.69747900000002
RBM22	97.7397
RBM23	72.18199200000002
RBM24	526.848511
RBM25	94.796951
RBM26	139.034576
RBM27	67.914772
RBM28	47.521885
RBM3	614.929504
RBM33	123.424355
RBM34	96.734047
RBM38	403.17746
RBM39	1340.461304
RBM4	357.363525
RBM41	62.530422
RBM42	140.384384
RBM43	18.631399
RBM44	34.907551
RBM45	46.66608400000001
RBM46	68.774956
RBM47	151.774124
RBM48	17.168043
RBM4B	67.532585
RBM5	250.366714
RBM6	123.028725
RBM7	50.577179
RBM8A	78.482437
RBMS1	162.24765
RBMS2	54.918152
RBMS3	123.85537
RBMX	391.444977
RBMX2	109.714417
RBMXL1	23.235342000000006
RBMXL2	163.15361
RBMXL3	4.158874
RBMY1A1	3.503359
RBMY1B	5.560666
RBMY1D	6.0355370000000015
RBMY1E	5.5953230000000005
RBMY1F	5.501663
RBMY1J	3.93833
RBPMS	200.382828
RBPMS2	119.09946399999998
RC3H1	61.74609
RC3H2	73.93645500000002
RCL1	109.785683
RDM1	24.360054
REPIN1	189.426514
REXO1	102.788612
REXO2	197.735535
REXO4	52.448021
REXO5	995.711426
RIDA	525.825928
RIOK1	63.539375
RIOK2	34.083611
RIOK3	217.043991
RNASE1	2137.531982
RNASE10	0.899259
RNASE11	87.726128
RNASE12	5.263575
RNASE13	3.097809
RNASE2	212.941422
RNASE3	190.895996
RNASE4	128.23584
RNASE6	386.912872
RNASE7	68.440895
RNASE8	0.975358
RNASE9	0.420631
RNASEH1	62.441223
RNASEH2A	184.373978
RNASEH2B	157.518982
RNASEH2C	55.175468
RNASEK	173.472046
RNASEL	50.987083
RNASET2	126.389557
RNF113A	43.048706
RNF113B	172.642563
RNF17	78.120399
RNGTT	42.565739
RNH1	222.353775
RNMT	91.181732
RNPC3	51.95084
RNPS1	206.909561
RO60	53.445251
RP1-37E16.12	3.3132580000000003
RP11-108K14.8	35.796974
RP11-111H13.1	12.26951
RP11-257K9.8	0.436625
RP11-529K1.3	44.024521
RP9	17.178637
RPF1	96.190193
RPF2	68.253777
RPL10	1933.638672
RPL10A	2660.372803
RPL10L	303.7041930000001
RPL11	2713.759521
RPL12	3993.138428
RPL13	1513.10791
RPL13A	1953.490356
RPL14	1145.557617
RPL15	1059.289185
RPL17	2256.267822
RPL18	1358.794678
RPL18A	1579.977173
RPL19	3034.106445
RPL21	909.449585
RPL22	802.034485
RPL22L1	513.948181
RPL23	1465.429443
RPL23A	2067.985107
RPL24	2129.000977
RPL26	4138.353027
RPL26L1	167.79170200000004
RPL27	2762.826904
RPL27A	861.1324460000002
RPL28	556.7025150000002
RPL29	1708.297363
RPL3	2842.525391
RPL30	3940.26123
RPL31	2145.098877
RPL32	1441.653809
RPL34	1735.3024899999998
RPL35	3273.091309
RPL35A	2528.993408
RPL36	1415.700317
RPL36AL	789.244995
RPL37	807.216187
RPL37A	1285.431152
RPL38	1619.400635
RPL39	3226.772461
RPL39L	512.0957030000002
RPL3L	895.756226
RPL4	2946.910156
RPL41	2019.756226
RPL5	3429.665283
RPL6	4428.633789
RPL7	3439.364258
RPL7L1	313.922272
RPL8	2318.414795
RPL9	2562.845947
RPLP0	3090.646484
RPLP1	1299.765015
RPLP2	3018.6877440000007
RPP14	20.132118
RPP25	49.534725
RPP25L	120.644272
RPP30	96.730301
RPP38	49.00499
RPP40	56.892448
RPS10	2149.694336
RPS11	6608.824707
RPS12	4786.432617
RPS13	2035.896362
RPS14	1246.65979
RPS15	1444.834595
RPS15A	3709.454102
RPS16	1040.012573
RPS17	1403.516113
RPS19	1843.765503
RPS19BP1	90.705788
RPS2	3185.1521
RPS20	2018.122559
RPS21	1398.7561039999996
RPS23	1459.032593
RPS24	16193.833984
RPS25	4223.7192380000015
RPS26	630.994446
RPS27	8434.912109
RPS27A	2541.508789
RPS27L	286.68927
RPS28	844.4698490000002
RPS29	1650.419678
RPS3	2156.011475
RPS3A	7404.274414
RPS4X	3097.767822
RPS4Y1	591.5929570000002
RPS4Y2	2.509531
RPS5	1040.563843
RPS6	4120.727539
RPS7	2493.411865
RPS8	3607.828857
RPS9	1330.841553
RPSA	2274.282715
RPUSD1	37.947899
RPUSD2	23.191736
RPUSD3	104.627197
RPUSD4	85.209091
RRBP1	360.364532
RRNAD1	43.110058
RRP1	54.93885
RRP12	213.871338
RRP15	27.015684000000004
RRP1B	108.161026
RRP36	220.733154
RRP7A	65.713554
RRP8	17.271627
RRP9	92.082047
RRS1	67.630287
RSL1D1	198.101028
RSL24D1	238.264969
RSRC1	68.18537099999999
RTCA	55.53553
RTCB	157.616577
RTF1	50.819267
RTL3	6.980950999999999
RUVBL1	168.226089
RUVBL2	751.3894650000002
SAFB	281.867126
SAFB2	173.62301599999995
SAMD4A	372.503418
SAMD4B	149.875992
SAMHD1	557.662903
SAP18	190.483337
SARNP	142.248398
SARS1	525.494629
SARS2	64.040627
SART1	113.872993
SART3	81.99730699999998
SBDS	306.345673
SCAF1	95.472191
SCAF11	139.735245
SCAF4	57.6623
SCAF8	82.265152
SECISBP2	160.48233000000005
SECISBP2L	514.58136
SEPSECS	53.054588
SERBP1	176.667038
SETD1A	53.471748
SETD1B	27.866426
SETD7	98.950958
SETX	151.45078999999996
SF1	627.2978519999998
SF3A1	199.851135
SF3A2	215.915131
SF3A3	207.587082
SF3B1	309.181763
SF3B2	288.825226
SF3B3	175.063858
SF3B4	148.82290600000005
SF3B5	269.660278
SF3B6	450.042114
SFPQ	739.928833
SFSWAP	86.087502
SHQ1	93.169144
SIDT1	74.78439300000002
SIDT2	139.699677
SLBP	259.358398
SLC4A1AP	542.685181
SLIRP	365.560455
SLTM	194.893982
SLU7	80.459625
SMAD1	138.710724
SMAD2	115.188515
SMAD3	136.02706899999998
SMAD4	118.83141299999998
SMAD5	98.70504
SMAD6	121.683868
SMAD7	112.575111
SMAD9	79.072372
SMG1	148.682007
SMG5	141.256393
SMG6	52.414757
SMG7	96.08493
SMG8	50.773674
SMG9	74.787224
SMN1	115.396042
SMN2	132.99795500000002
SMNDC1	33.335262
SND1	292.085724
SNIP1	64.192581
SNRNP200	291.59436
SNRNP25	87.599335
SNRNP27	80.952209
SNRNP35	36.085873
SNRNP40	138.586929
SNRNP48	49.835972
SNRNP70	370.401428
SNRPA	123.765671
SNRPA1	95.885246
SNRPB	713.470276
SNRPB2	259.272461
SNRPC	315.718628
SNRPD1	68.945183
SNRPD2	733.4882200000002
SNRPD3	143.670456
SNRPE	264.6604
SNRPF	120.716568
SNRPG	456.203857
SNRPN	976.094604
SNU13	234.856873
SNUPN	74.383438
SNW1	126.168633
SON	203.384888
SPATS2	74.832909
SPATS2L	321.38504
SPEN	81.39136500000002
SPOUT1	33.321521999999995
SRA1	79.115845
SRBD1	63.07135
SREK1	205.663879
SRFBP1	36.665668
SRP14	563.053955
SRP19	98.507324
SRP54	118.348106
SRP68	59.226513
SRP72	131.61715700000002
SRP9	452.688354
SRPK2	289.331635
SRPRA	144.20696999999996
SRRM1	194.618484
SRRM2	663.163513
SRRM4	61.936382
SRRT	389.868469
SRSF1	168.762787
SRSF11	199.638031
SRSF12	52.82838100000001
SRSF2	215.152405
SRSF3	282.871582
SRSF4	95.90403
SRSF5	476.37262
SRSF6	184.919403
SRSF7	186.545563
SRSF9	205.704926
SSB	420.766693
SSU72	306.785828
STAU1	136.590103
STAU2	134.216385
STN1	48.864132
STRAP	294.6718140000001
STRBP	136.159805
SUB1	473.305359
SUGP1	86.549446
SUGP2	303.334961
SUPT4H1	221.402161
SUPT5H	325.3704830000001
SUPT6H	122.346184
SUPV3L1	102.796021
SUZ12	100.485275
SWT1	75.134949
SYF2	212.69024700000003
SYMPK	153.05024699999996
SYNCRIP	144.149307
TAF15	186.33017
TARBP1	121.16127
TARBP2	55.63652800000001
TARDBP	102.230865
TARS1	666.931458
TARS2	76.99752
TARS3	49.32906
TBL3	106.638855
TBRG4	171.255905
TCERG1	226.17504900000003
TCOF1	129.077576
TDRD1	51.14996
TDRD10	134.817032
TDRD12	54.896976
TDRD15	41.97975200000001
TDRD3	199.061447
TDRD5	55.716267
TDRD6	47.991108
TDRD7	118.39843
TDRD9	92.535599
TDRKH	40.742191
TEFM	30.147657
TENT2	128.662598
TENT4A	55.370502
TENT4B	52.75053000000001
TENT5A	184.002502
TEP1	76.239548
TERT	38.900215
TEX13A	28.341726
TFAM	99.122925
TFB1M	61.787998
TFB2M	53.02138100000001
TFIP11	76.363312
TGS1	40.867779
THG1L	27.215111
THOC1	236.322098
THOC2	253.717224
THOC3	106.624229
THOC5	128.49649
THOC6	52.349754
THOC7	232.654037
THRAP3	147.022186
THUMPD1	93.882332
THUMPD2	27.516705
THUMPD3	106.988091
TIA1	421.630493
TIAL1	155.83757
TIPARP	171.677826
TLR3	30.384689
TLR7	31.433535
TLR8	120.27816
TNPO1	413.488861
TNPO2	265.686584
TNPO3	99.211029
TNRC6A	91.544144
TNRC6B	105.433685
TNRC6C	65.760941
TOE1	49.407845
TOP1	119.80249
TOP3B	58.35339000000001
TPR	204.340271
TRA2A	147.509796
TRA2B	341.546844
TRDMT1	21.51737
TRIM21	80.38535300000002
TRIM25	225.510574
TRIM56	25.823278
TRIM71	221.884903
TRIT1	76.869682
TRMT1	47.147415
TRMT10A	17.672989
TRMT10B	19.73213
TRMT10C	119.85125
TRMT11	78.861809
TRMT112	143.266846
TRMT12	40.104012
TRMT13	43.006027
TRMT1L	61.080894
TRMT2A	69.177612
TRMT2B	35.747879
TRMT44	73.94596899999998
TRMT5	32.376427
TRMT6	40.904617
TRMT61A	33.03167
TRMT61B	40.956245
TRMU	58.579071
TRNAU1AP	51.273148
TRNT1	65.918747
TRPT1	86.099312
TRUB1	71.06665
TRUB2	30.978983000000003
TSEN15	121.6222
TSEN2	37.098686
TSEN34	134.053055
TSEN54	71.87748
TSFM	268.028992
TSN	93.946503
TSNAX	150.98959399999995
TSR1	99.895027
TSR2	29.924103
TSR3	99.702492
TST	313.564301
TTF2	56.769154
TUFM	489.042908
TUT1	19.411047
TUT4	143.67378200000005
TUT7	69.135674
TXNL4A	70.535904
TXNL4B	30.615723
TYW1	46.964314
TYW3	62.653076
TYW5	16.986998
U2AF1	26.623358000000003
U2AF1L4	25.544197
U2AF2	135.087982
U2SURP	286.223877
UBA1	268.20608500000003
UBA52	1020.695862
UBAP2	69.254684
UBAP2L	252.694763
UBTF	202.020752
UHMK1	90.357956
UNK	83.35749799999998
UNKL	86.40918
UPF1	138.248306
UPF2	99.615265
UPF3A	284.468292
UPF3B	36.269138
URB1	40.438156
URB2	43.082661
URM1	39.568554
USB1	40.954636
USP10	99.647087
USP39	90.209557
UTP11	110.639221
UTP14A	78.15238199999997
UTP14C	7.286805999999999
UTP15	40.004837
UTP18	241.112915
UTP20	58.273235
UTP23	111.746056
UTP3	209.417877
UTP6	95.400955
VARS2	2.264262
WARS1	642.989014
WARS2	68.69502299999999
WBP4	43.133324
WDR12	35.95395999999999
WDR3	129.037216
WDR36	88.079903
WDR4	31.999424
WDR43	219.535934
WDR46	37.221748
WDR5	105.350426
WDR61	187.638748
WDR83	19.923008
WRAP53	24.503935
XAB2	98.718224
XPO1	382.092468
XPO4	92.674126
XPO5	119.421394
XPO6	888.605774
XPO7	379.458649
XPOT	215.762909
XRCC6	1576.3302
XRN1	172.60339399999995
XRN2	175.595474
YARS1	330.23584
YARS2	71.70564300000002
YBX1	1454.594727
YBX2	826.924561
YBX3	3744.375488
YRDC	56.71616700000001
YTHDC2	65.735855
YTHDF1	54.208969
YTHDF2	109.475296
YTHDF3	77.74202700000002
ZC3H10	19.905453
ZC3H11A	92.335472
ZC3H12A	394.252838
ZC3H12B	9.619386
ZC3H12C	27.884979
ZC3H12D	28.288122
ZC3H13	91.147346
ZC3H14	251.074448
ZC3H15	362.535553
ZC3H18	92.301155
ZC3H3	52.720379
ZC3H4	54.53480500000001
ZC3H6	28.593988
ZC3H7A	90.453369
ZC3H7B	154.68508899999995
ZC3H8	47.640606
ZC3HAV1	148.381851
ZC3HAV1L	71.771294
ZC3HC1	59.060013
ZCCHC13	37.143997
ZCCHC14	112.042282
ZCCHC17	137.662216
ZCCHC2	53.470264
ZCCHC24	121.41861000000002
ZCCHC3	58.169518
ZCCHC7	398.533264
ZCCHC8	183.733383
ZCCHC9	47.700039
ZCRB1	153.68019099999995
ZFC3H1	159.985703
ZFP36	856.023743
ZFP36L1	357.30072
ZFP36L2	316.737183
ZFR	118.297691
ZFR2	46.856918
ZGPAT	48.345078
ZMAT2	122.853127
ZMAT3	81.311493
ZMAT5	78.109871
ZNF106	1570.84375
ZNF239	16.740538
ZNF326	39.265076
ZNF346	54.908939
ZNF385A	93.286598
ZNF473	128.566116
ZNF579	36.541893
ZNF598	53.016338
ZNF622	73.562958
ZNF638	315.86554
ZNF768	144.504089
ZNFX1	284.506012
ZNHIT6	17.296785
ZRANB2	170.641418
ZRSR2	21.935991
ZRSR2P1	9.983853
